[
{
    "Name": "sputnik",
    "QueryResults": [
        {
            "Headlines": [
                {
                    "attrib": {
                        "fb_id": "57639415551_10154379988930552",
                        "share_count": 0,
                        "shares": {
                            "count": 0
                        }
                    },
                    "authors": "",
                    "banner": "",
                    "datetime": "2016-09-23 18:31:20",
                    "description": "rj reporter elaine m wilson gives you an update on this morning s news interbike http bit ly 2cxtrwt naked trump vandalized http bit ly 2dpapjh nhl hockey name http bit ly 2cvvx94",
                    "duration": "",
                    "fullText": "",
                    "headline": "here s your las vegas news update for friday sept 23",
                    "id": -1,
                    "isoWeek": 38,
                    "layout": "",
                    "rank": -1,
                    "thumbnail": "",
                    "uri": "https://www.facebook.com/reviewjournal/videos/10154379988930552/"
                },
                {
                    "attrib": {
                        "fb_id": "57639415551_10154391494395552",
                        "share_count": 2,
                        "shares": {
                            "count": 2
                        }
                    },
                    "authors": "",
                    "banner": "",
                    "datetime": "2016-09-27 23:00:00",
                    "description": "before the debate trump was leading in the search count in 34 states but when it comes to who won on google clinton surged past trump during monday night s debate at hofstra university in new york",
                    "duration": "",
                    "fullText": "",
                    "headline": "clinton outpaced trump in search engine requests during debate monday night",
                    "id": -1,
                    "isoWeek": 39,
                    "layout": "",
                    "rank": -1,
                    "thumbnail": "",
                    "uri": "http://www.reviewjournal.com/politics/clinton-outpaced-trump-search-engine-requests-during-debate"
                },
                {
                    "attrib": {
                        "fb_id": "57639415551_10154467752090552",
                        "share_count": 1582,
                        "shares": {
                            "count": 1582
                        }
                    },
                    "authors": "",
                    "banner": "",
                    "datetime": "2016-10-23 04:10:00",
                    "description": "the review journal endorses republican nominee donald trump for president see the editorial http bit ly 2eg0iq9",
                    "duration": "",
                    "fullText": "",
                    "headline": "las vegas review journal editorial board endorses donald trump",
                    "id": -1,
                    "isoWeek": 42,
                    "layout": "",
                    "rank": -1,
                    "thumbnail": "",
                    "uri": "https://www.facebook.com/reviewjournal/videos/10154467752090552/"
                },
                {
                    "attrib": {
                        "fb_id": "57639415551_10154388518175552",
                        "share_count": 2,
                        "shares": {
                            "count": 2
                        }
                    },
                    "authors": "",
                    "banner": "",
                    "datetime": "2016-09-26 19:30:00",
                    "description": "here s a channel guide and streaming info for tonight s debate democratic presidential nominee hillary clinton and republican presidential nominee donald trump face off tonight at hofstra university in new york for the first presidential debate here s where to find it",
                    "duration": "",
                    "fullText": "",
                    "headline": "how to watch the first hillary clinton donald trump debate tonight",
                    "id": -1,
                    "isoWeek": 39,
                    "layout": "",
                    "rank": -1,
                    "thumbnail": "",
                    "uri": "http://www.reviewjournal.com/politics/election-2016/how-watch-the-first-hillary-clinton-donald-trump-presidential-debate-tonight"
                },
                {
                    "attrib": {
                        "fb_id": "57639415551_10154382680545552",
                        "share_count": 20,
                        "shares": {
                            "count": 20
                        }
                    },
                    "authors": "",
                    "banner": "",
                    "datetime": "2016-09-24 19:00:00",
                    "description": "a lifetime s commitment to solving problems in the real world qualifies hillary clinton for this job and the country should put her to work the times said the new york times endorsed democrat hillary clinton for the white house on saturday saying she was more qualified than republican presidential rival donald trump to handle the challenges facing the united states",
                    "duration": "",
                    "fullText": "",
                    "headline": "new york times endorses hillary clinton for president",
                    "id": -1,
                    "isoWeek": 38,
                    "layout": "",
                    "rank": -1,
                    "thumbnail": "",
                    "uri": "http://www.reviewjournal.com/politics/new-york-times-endorses-clinton-president"
                },
                {
                    "attrib": {
                        "fb_id": "57639415551_10154123299375552",
                        "share_count": 40,
                        "shares": {
                            "count": 40
                        }
                    },
                    "authors": "",
                    "banner": "",
                    "datetime": "2016-06-18 19:17:49",
                    "description": "republican presidential candidate donald trump speaks at the treasure island hotel casino",
                    "duration": "",
                    "fullText": "",
                    "headline": "republican presidential candidate donald trump speaks at the treasure island hotel casino",
                    "id": -1,
                    "isoWeek": 24,
                    "layout": "",
                    "rank": -1,
                    "thumbnail": "",
                    "uri": "https://www.facebook.com/reviewjournal/videos/10154123299375552/"
                },
                {
                    "attrib": {
                        "fb_id": "57639415551_10154466394070552",
                        "share_count": 19,
                        "shares": {
                            "count": 19
                        }
                    },
                    "authors": "",
                    "banner": "",
                    "datetime": "2016-10-22 18:30:00",
                    "description": "if trump wins the nov 8 election he has big changes planned to make america great again u s republican presidential candidate donald trump promised on saturday to foil a proposed deal for at t inc to buy time warner inc if he wins the nov 8 election arguing it was an example of a power structure rigged against both him and voters",
                    "duration": "",
                    "fullText": "",
                    "headline": "trump details plans for his first 100 days in the white house",
                    "id": -1,
                    "isoWeek": 42,
                    "layout": "",
                    "rank": -1,
                    "thumbnail": "",
                    "uri": "http://www.reviewjournal.com/politics/election-2016/trump-outlines-first-100-days-if-elected-the-white-house"
                },
                {
                    "attrib": {
                        "fb_id": "57639415551_10154455814545552",
                        "share_count": 2,
                        "shares": {
                            "count": 2
                        }
                    },
                    "authors": "",
                    "banner": "",
                    "datetime": "2016-10-19 13:00:00",
                    "description": "what you need to know in a nutshell about the all important third debate at unlv presidential candidates hillary clinton and donald trump square off for a final debate wednesday night at the thomas mack center at unlv some key facts about the 90 minute rhetorical bout which begins at 6 p m pst",
                    "duration": "",
                    "fullText": "",
                    "headline": "key facts about the third presidential debate",
                    "id": -1,
                    "isoWeek": 42,
                    "layout": "",
                    "rank": -1,
                    "thumbnail": "",
                    "uri": "http://www.reviewjournal.com/politics/election-2016/key-facts-about-the-third-presidential-debate"
                },
                {
                    "attrib": {
                        "fb_id": "57639415551_10154123110290552",
                        "share_count": 64,
                        "shares": {
                            "count": 64
                        }
                    },
                    "authors": "",
                    "banner": "",
                    "datetime": "2016-06-18 17:47:18",
                    "description": "republican presidential candidate donald trump speaks at the treasure island hotel casino",
                    "duration": "",
                    "fullText": "",
                    "headline": "republican presidential candidate donald trump speaks at the treasure island hotel casino",
                    "id": -1,
                    "isoWeek": 24,
                    "layout": "",
                    "rank": -1,
                    "thumbnail": "",
                    "uri": "https://www.facebook.com/reviewjournal/videos/10154123110290552/"
                },
                {
                    "attrib": {
                        "fb_id": "57639415551_10154389469180552",
                        "share_count": 8,
                        "shares": {
                            "count": 8
                        }
                    },
                    "authors": "",
                    "banner": "",
                    "datetime": "2016-09-27 03:00:00",
                    "description": "did you watch who won in a combative opening debate hillary clinton emphatically denounced donald trump monday night for keeping his personal tax returns and business dealings secret from voters and peddling a racist lie about president barack obama businessman trump repeatedly cast clinton as a typical politician",
                    "duration": "",
                    "fullText": "",
                    "headline": "clinton trump battle fiercely in first debate",
                    "id": -1,
                    "isoWeek": 39,
                    "layout": "",
                    "rank": -1,
                    "thumbnail": "",
                    "uri": "http://www.reviewjournal.com/politics/election-2016/clinton-trump-battle-fiercely-first-debate"
                },
                {
                    "attrib": {
                        "fb_id": "57639415551_10154393154765552",
                        "share_count": 21,
                        "shares": {
                            "count": 21
                        }
                    },
                    "authors": "",
                    "banner": "",
                    "datetime": "2016-09-28 15:00:01",
                    "description": "machado says she thinks trump believes women are a second class of people alicia machado says that when she gained weight after being crowned miss universe for 1996 donald trump labeled her with a sexist nickname miss piggy that caused her shame and humiliation",
                    "duration": "",
                    "fullText": "",
                    "headline": "shamed by trump former miss universe says she s with clinton",
                    "id": -1,
                    "isoWeek": 39,
                    "layout": "",
                    "rank": -1,
                    "thumbnail": "",
                    "uri": "http://www.reviewjournal.com/politics/election-2016/shamed-trump-former-miss-universe-tells-clinton-i-m-you"
                },
                {
                    "attrib": {
                        "fb_id": "57639415551_10154201712745552",
                        "share_count": 26,
                        "shares": {
                            "count": 26
                        }
                    },
                    "authors": "",
                    "banner": "",
                    "datetime": "2016-07-19 23:12:45",
                    "description": "donald trump has won the 1 237 required delegates to officially become the republican presidential nominee for 2016 story coming soon",
                    "duration": "",
                    "fullText": "",
                    "headline": "timeline photos",
                    "id": -1,
                    "isoWeek": 29,
                    "layout": "",
                    "rank": -1,
                    "thumbnail": "",
                    "uri": "https://www.facebook.com/reviewjournal/photos/a.94260815551.113337.57639415551/10154201712745552/?type=3"
                },
                {
                    "attrib": {
                        "fb_id": "57639415551_10154518398080552",
                        "share_count": 12,
                        "shares": {
                            "count": 12
                        }
                    },
                    "authors": "",
                    "banner": "",
                    "datetime": "2016-11-09 07:41:17",
                    "description": "audience at gop watch party reacts to trump s victory",
                    "duration": "",
                    "fullText": "",
                    "headline": "audience at gop watch party reacts to trump s victory",
                    "id": -1,
                    "isoWeek": 45,
                    "layout": "",
                    "rank": -1,
                    "thumbnail": "",
                    "uri": "https://www.facebook.com/reviewjournal/videos/10154518398080552/"
                },
                {
                    "attrib": {
                        "fb_id": "57639415551_10154389820245552",
                        "share_count": 5,
                        "shares": {
                            "count": 5
                        }
                    },
                    "authors": "",
                    "banner": "",
                    "datetime": "2016-09-27 13:30:01",
                    "description": "the debate between donald trump and hillary clinton was a great way for young minds to grasp the democratic process about 250 people from local high school and middle school debate teams and unlv gathered monday at a university lecture hall to watch the first of three debates between presidential candidates hillary clinton and donald trump",
                    "duration": "",
                    "fullText": "",
                    "headline": "students gather at unlv to watch presidential debate",
                    "id": -1,
                    "isoWeek": 39,
                    "layout": "",
                    "rank": -1,
                    "thumbnail": "",
                    "uri": "http://www.reviewjournal.com/politics/election-2016/students-gather-unlv-watch-presidential-debate"
                },
                {
                    "attrib": {
                        "fb_id": "57639415551_10154493825720552",
                        "share_count": 14,
                        "shares": {
                            "count": 14
                        }
                    },
                    "authors": "",
                    "banner": "",
                    "datetime": "2016-10-31 19:30:00",
                    "description": "donald trump returned to las vegas sunday and attracted thousands to a rally at the venetian where he hammered opponent hillary clinton on the latest fbi email revelations promised to drain the swamp of washington d c and renewed his promise to build a wall between the united states and mexico",
                    "duration": "",
                    "fullText": "",
                    "headline": "donald trump returned to las vegas sunday and attracted thousands to a rally at the venetian where he hammered opponent hillary clinton on the latest fbi email revelations promised to drain the swamp of washington d c and renewed his promise to build a wall between the united states and mexico",
                    "id": -1,
                    "isoWeek": 44,
                    "layout": "",
                    "rank": -1,
                    "thumbnail": "",
                    "uri": "https://www.facebook.com/reviewjournal/videos/10154493825720552/"
                },
                {
                    "attrib": {
                        "fb_id": "57639415551_10154519467280552",
                        "share_count": 2,
                        "shares": {
                            "count": 2
                        }
                    },
                    "authors": "",
                    "banner": "",
                    "datetime": "2016-11-09 17:00:00",
                    "description": "here are the headlines for today donald trump http rjnews is 2fmrgmv questions 3 and 4 http rjnews is 2fsaj5f cortez masto beats heck http rjnews is 2eknsmw",
                    "duration": "",
                    "fullText": "",
                    "headline": "las vegas news for wednesday november 9th",
                    "id": -1,
                    "isoWeek": 45,
                    "layout": "",
                    "rank": -1,
                    "thumbnail": "",
                    "uri": "https://www.facebook.com/reviewjournal/videos/10154519467280552/"
                },
                {
                    "attrib": {
                        "fb_id": "57639415551_10153840315120552",
                        "share_count": 35,
                        "shares": {
                            "count": 35
                        }
                    },
                    "authors": "",
                    "banner": "",
                    "datetime": "2016-02-24 05:52:21",
                    "description": "keep up with everything going on in the nevadacaucus here bit ly 1ty2fgt",
                    "duration": "",
                    "fullText": "",
                    "headline": "donald trump victory speech",
                    "id": -1,
                    "isoWeek": 8,
                    "layout": "",
                    "rank": -1,
                    "thumbnail": "",
                    "uri": "https://www.facebook.com/reviewjournal/videos/10153840315120552/"
                },
                {
                    "attrib": {
                        "fb_id": "57639415551_10154518411165552",
                        "share_count": 7,
                        "shares": {
                            "count": 7
                        }
                    },
                    "authors": "",
                    "banner": "",
                    "datetime": "2016-11-09 07:48:11",
                    "description": "audience at gop watch party celebrates trump s win",
                    "duration": "",
                    "fullText": "",
                    "headline": "audience at gop watch party celebrates trump s win",
                    "id": -1,
                    "isoWeek": 45,
                    "layout": "",
                    "rank": -1,
                    "thumbnail": "",
                    "uri": "https://www.facebook.com/reviewjournal/videos/10154518411165552/"
                },
                {
                    "attrib": {
                        "fb_id": "57639415551_10154493159800552",
                        "share_count": 0,
                        "shares": {
                            "count": 0
                        }
                    },
                    "authors": "",
                    "banner": "",
                    "datetime": "2016-10-31 16:00:00",
                    "description": "happy halloween elaine wilson s got your morning headlines today trump in vegas http bit ly 2fwo4pu child homicide http bit ly 2f4ogjb flawed drug kits http bit ly 2f0ve4u",
                    "duration": "",
                    "fullText": "",
                    "headline": "las vegas news for monday october 31 2016",
                    "id": -1,
                    "isoWeek": 44,
                    "layout": "",
                    "rank": -1,
                    "thumbnail": "",
                    "uri": "https://www.facebook.com/reviewjournal/videos/10154493159800552/"
                },
                {
                    "attrib": {
                        "fb_id": "57639415551_10154380326495552",
                        "share_count": 5,
                        "shares": {
                            "count": 5
                        }
                    },
                    "authors": "",
                    "banner": "",
                    "datetime": "2016-09-23 21:21:42",
                    "description": "i am greatly honored by the endorsement of senator cruz trump said ted cruz announced friday he will vote for donald trump a dramatic about face that may help unite a deeply divided republican party months after the fiery texas conservative called trump a pathological liar and utterly amoral",
                    "duration": "",
                    "fullText": "",
                    "headline": "ted cruz says he will vote for donald trump",
                    "id": -1,
                    "isoWeek": 38,
                    "layout": "",
                    "rank": -1,
                    "thumbnail": "",
                    "uri": "http://www.reviewjournal.com/politics/election-2016/ted-cruz-says-he-will-vote-donald-trump"
                }
            ],
            "Topics": [
                "djt",
                "donald",
                "donalds",
                "trump",
                "trumps"
            ]
        },
        {
            "Headlines": [
                {
                    "attrib": {
                        "fb_id": "57639415551_10153841235335552",
                        "share_count": 44,
                        "shares": {
                            "count": 44
                        }
                    },
                    "authors": "",
                    "banner": "",
                    "datetime": "2016-02-24 18:16:41",
                    "description": "i think the middle class would be better served by hillary reid said senate minority leader harry reid announced wednesday in an exclusive interview with cnn that he is endorsing hillary clinton for president a sign that democratic leaders are eager to put the party s contentious primary fight behind them",
                    "duration": "",
                    "fullText": "",
                    "headline": "harry reid endorses hillary clinton for president",
                    "id": -1,
                    "isoWeek": 8,
                    "layout": "",
                    "rank": -1,
                    "thumbnail": "",
                    "uri": "http://www.reviewjournal.com/politics/government/harry-reid-endorses-hillary-clinton-president"
                },
                {
                    "attrib": {
                        "fb_id": "57639415551_10154391494395552",
                        "share_count": 2,
                        "shares": {
                            "count": 2
                        }
                    },
                    "authors": "",
                    "banner": "",
                    "datetime": "2016-09-27 23:00:00",
                    "description": "before the debate trump was leading in the search count in 34 states but when it comes to who won on google clinton surged past trump during monday night s debate at hofstra university in new york",
                    "duration": "",
                    "fullText": "",
                    "headline": "clinton outpaced trump in search engine requests during debate monday night",
                    "id": -1,
                    "isoWeek": 39,
                    "layout": "",
                    "rank": -1,
                    "thumbnail": "",
                    "uri": "http://www.reviewjournal.com/politics/clinton-outpaced-trump-search-engine-requests-during-debate"
                },
                {
                    "attrib": {
                        "fb_id": "57639415551_10154518197135552",
                        "share_count": 10,
                        "shares": {
                            "count": 10
                        }
                    },
                    "authors": "",
                    "banner": "",
                    "datetime": "2016-11-09 05:32:43",
                    "description": "ap projects hillary clinton secures the nevada vote",
                    "duration": "",
                    "fullText": "",
                    "headline": "ap projects hillary clinton secures the nevada vote",
                    "id": -1,
                    "isoWeek": 45,
                    "layout": "",
                    "rank": -1,
                    "thumbnail": "",
                    "uri": "https://www.facebook.com/reviewjournal/videos/10154518197135552/"
                },
                {
                    "attrib": {
                        "fb_id": "57639415551_10154388518175552",
                        "share_count": 2,
                        "shares": {
                            "count": 2
                        }
                    },
                    "authors": "",
                    "banner": "",
                    "datetime": "2016-09-26 19:30:00",
                    "description": "here s a channel guide and streaming info for tonight s debate democratic presidential nominee hillary clinton and republican presidential nominee donald trump face off tonight at hofstra university in new york for the first presidential debate here s where to find it",
                    "duration": "",
                    "fullText": "",
                    "headline": "how to watch the first hillary clinton donald trump debate tonight",
                    "id": -1,
                    "isoWeek": 39,
                    "layout": "",
                    "rank": -1,
                    "thumbnail": "",
                    "uri": "http://www.reviewjournal.com/politics/election-2016/how-watch-the-first-hillary-clinton-donald-trump-presidential-debate-tonight"
                },
                {
                    "attrib": {
                        "fb_id": "57639415551_10154382680545552",
                        "share_count": 20,
                        "shares": {
                            "count": 20
                        }
                    },
                    "authors": "",
                    "banner": "",
                    "datetime": "2016-09-24 19:00:00",
                    "description": "a lifetime s commitment to solving problems in the real world qualifies hillary clinton for this job and the country should put her to work the times said the new york times endorsed democrat hillary clinton for the white house on saturday saying she was more qualified than republican presidential rival donald trump to handle the challenges facing the united states",
                    "duration": "",
                    "fullText": "",
                    "headline": "new york times endorses hillary clinton for president",
                    "id": -1,
                    "isoWeek": 38,
                    "layout": "",
                    "rank": -1,
                    "thumbnail": "",
                    "uri": "http://www.reviewjournal.com/politics/new-york-times-endorses-clinton-president"
                },
                {
                    "attrib": {
                        "fb_id": "57639415551_10154455814545552",
                        "share_count": 2,
                        "shares": {
                            "count": 2
                        }
                    },
                    "authors": "",
                    "banner": "",
                    "datetime": "2016-10-19 13:00:00",
                    "description": "what you need to know in a nutshell about the all important third debate at unlv presidential candidates hillary clinton and donald trump square off for a final debate wednesday night at the thomas mack center at unlv some key facts about the 90 minute rhetorical bout which begins at 6 p m pst",
                    "duration": "",
                    "fullText": "",
                    "headline": "key facts about the third presidential debate",
                    "id": -1,
                    "isoWeek": 42,
                    "layout": "",
                    "rank": -1,
                    "thumbnail": "",
                    "uri": "http://www.reviewjournal.com/politics/election-2016/key-facts-about-the-third-presidential-debate"
                },
                {
                    "attrib": {
                        "fb_id": "57639415551_10154389469180552",
                        "share_count": 8,
                        "shares": {
                            "count": 8
                        }
                    },
                    "authors": "",
                    "banner": "",
                    "datetime": "2016-09-27 03:00:00",
                    "description": "did you watch who won in a combative opening debate hillary clinton emphatically denounced donald trump monday night for keeping his personal tax returns and business dealings secret from voters and peddling a racist lie about president barack obama businessman trump repeatedly cast clinton as a typical politician",
                    "duration": "",
                    "fullText": "",
                    "headline": "clinton trump battle fiercely in first debate",
                    "id": -1,
                    "isoWeek": 39,
                    "layout": "",
                    "rank": -1,
                    "thumbnail": "",
                    "uri": "http://www.reviewjournal.com/politics/election-2016/clinton-trump-battle-fiercely-first-debate"
                },
                {
                    "attrib": {
                        "fb_id": "57639415551_10154505115025552",
                        "share_count": 5,
                        "shares": {
                            "count": 5
                        }
                    },
                    "authors": "",
                    "banner": "",
                    "datetime": "2016-11-04 16:00:45",
                    "description": "here s your headlines for your friday morning paris outage http rjnews is 2elnw5y bellagio craps dealer http rjnews is 2ejnd6a bill clinton rally http rjnews is 2fjzh6s",
                    "duration": "",
                    "fullText": "",
                    "headline": "las vegas news for friday november 4th",
                    "id": -1,
                    "isoWeek": 44,
                    "layout": "",
                    "rank": -1,
                    "thumbnail": "",
                    "uri": "https://www.facebook.com/reviewjournal/videos/10154505115025552/"
                },
                {
                    "attrib": {
                        "fb_id": "57639415551_10154241390830552",
                        "share_count": 29,
                        "shares": {
                            "count": 29
                        }
                    },
                    "authors": "",
                    "banner": "",
                    "datetime": "2016-08-04 19:46:15",
                    "description": "hillary clinton speaks at a rally in las vegas",
                    "duration": "",
                    "fullText": "",
                    "headline": "hillary clinton speaks at a rally in las vegas",
                    "id": -1,
                    "isoWeek": 31,
                    "layout": "",
                    "rank": -1,
                    "thumbnail": "",
                    "uri": "https://www.facebook.com/reviewjournal/videos/10154241390830552/"
                },
                {
                    "attrib": {
                        "fb_id": "57639415551_10154201354400552",
                        "share_count": 37,
                        "shares": {
                            "count": 37
                        }
                    },
                    "authors": "",
                    "banner": "",
                    "datetime": "2016-07-19 19:59:05",
                    "description": "hillary clinton is speaking in north las vegas right now we ll have a story on reviewjournal com up shortly",
                    "duration": "",
                    "fullText": "",
                    "headline": "hillary clinton is speaking in north las vegas right now we ll have a story on reviewjournal com up shortly",
                    "id": -1,
                    "isoWeek": 29,
                    "layout": "",
                    "rank": -1,
                    "thumbnail": "",
                    "uri": "https://www.facebook.com/reviewjournal/videos/10154201354400552/"
                },
                {
                    "attrib": {
                        "fb_id": "57639415551_10154467917645552",
                        "share_count": 26,
                        "shares": {
                            "count": 26
                        }
                    },
                    "authors": "",
                    "banner": "",
                    "datetime": "2016-10-23 05:04:00",
                    "description": "the pop star didn t sing any of her songs to the crowd of a few hundred people unlv students relaxing in their dorms got an unexpected knock on their doors saturday afternoon from pop star katy perry who was roaming the halls and drumming up support for hillary clinton on the first day of early voting in nevada",
                    "duration": "",
                    "fullText": "",
                    "headline": "katy perry visits dorms at unlv urges students to vote for hillary clinton at rally",
                    "id": -1,
                    "isoWeek": 42,
                    "layout": "",
                    "rank": -1,
                    "thumbnail": "",
                    "uri": "http://www.reviewjournal.com/politics/election-2016/katy-perry-visits-unlv-dorms-urges-students-vote-hillary-clinton-rally"
                },
                {
                    "attrib": {
                        "fb_id": "57639415551_10154496431525552",
                        "share_count": 1,
                        "shares": {
                            "count": 1
                        }
                    },
                    "authors": "",
                    "banner": "",
                    "datetime": "2016-11-01 16:00:00",
                    "description": "good morning here are today s headlines desert oasis threat http bit ly 2dw7zy7 death penalty verdict http rjnews is 2f6agqa hillary clinton visit http rjnews is 2e7ajsm",
                    "duration": "",
                    "fullText": "",
                    "headline": "las vegas news for tuesday november 1 2016",
                    "id": -1,
                    "isoWeek": 44,
                    "layout": "",
                    "rank": -1,
                    "thumbnail": "",
                    "uri": "https://www.facebook.com/reviewjournal/videos/10154496431525552/"
                },
                {
                    "attrib": {
                        "fb_id": "57639415551_10154393154765552",
                        "share_count": 21,
                        "shares": {
                            "count": 21
                        }
                    },
                    "authors": "",
                    "banner": "",
                    "datetime": "2016-09-28 15:00:01",
                    "description": "machado says she thinks trump believes women are a second class of people alicia machado says that when she gained weight after being crowned miss universe for 1996 donald trump labeled her with a sexist nickname miss piggy that caused her shame and humiliation",
                    "duration": "",
                    "fullText": "",
                    "headline": "shamed by trump former miss universe says she s with clinton",
                    "id": -1,
                    "isoWeek": 39,
                    "layout": "",
                    "rank": -1,
                    "thumbnail": "",
                    "uri": "http://www.reviewjournal.com/politics/election-2016/shamed-trump-former-miss-universe-tells-clinton-i-m-you"
                },
                {
                    "attrib": {
                        "fb_id": "57639415551_10154239685990552",
                        "share_count": 50,
                        "shares": {
                            "count": 50
                        }
                    },
                    "authors": "",
                    "banner": "",
                    "datetime": "2016-08-04 01:51:42",
                    "description": "doors open to the public at 10 15 a m long lines are expected so if you didn t rsvp plan to arrive early the democratic presidential candidate is returning to nevada the week after getting the party s nomination for president at the convention in philadelphia",
                    "duration": "",
                    "fullText": "",
                    "headline": "hillary clinton to rally supporters in las vegas thursday",
                    "id": -1,
                    "isoWeek": 31,
                    "layout": "",
                    "rank": -1,
                    "thumbnail": "",
                    "uri": "http://www.reviewjournal.com/politics/election-2016/hillary-clinton-rally-supporters-las-vegas-thursday"
                },
                {
                    "attrib": {
                        "fb_id": "57639415551_10154355574920552",
                        "share_count": 22,
                        "shares": {
                            "count": 22
                        }
                    },
                    "authors": "",
                    "banner": "",
                    "datetime": "2016-09-14 18:19:05",
                    "description": "former president bill clinton campaigns for hillary clinton in north las vegas",
                    "duration": "",
                    "fullText": "",
                    "headline": "former president bill clinton campaigns for hillary clinton in north las vegas",
                    "id": -1,
                    "isoWeek": 37,
                    "layout": "",
                    "rank": -1,
                    "thumbnail": "",
                    "uri": "https://www.facebook.com/reviewjournal/videos/10154355574920552/"
                },
                {
                    "attrib": {
                        "fb_id": "57639415551_10154389820245552",
                        "share_count": 5,
                        "shares": {
                            "count": 5
                        }
                    },
                    "authors": "",
                    "banner": "",
                    "datetime": "2016-09-27 13:30:01",
                    "description": "the debate between donald trump and hillary clinton was a great way for young minds to grasp the democratic process about 250 people from local high school and middle school debate teams and unlv gathered monday at a university lecture hall to watch the first of three debates between presidential candidates hillary clinton and donald trump",
                    "duration": "",
                    "fullText": "",
                    "headline": "students gather at unlv to watch presidential debate",
                    "id": -1,
                    "isoWeek": 39,
                    "layout": "",
                    "rank": -1,
                    "thumbnail": "",
                    "uri": "http://www.reviewjournal.com/politics/election-2016/students-gather-unlv-watch-presidential-debate"
                },
                {
                    "attrib": {
                        "fb_id": "57639415551_10154467184965552",
                        "share_count": 25,
                        "shares": {
                            "count": 25
                        }
                    },
                    "authors": "",
                    "banner": "",
                    "datetime": "2016-10-22 23:25:15",
                    "description": "music artist katy perry campaigns for democratic presidential nominee hillary clinton at unlv",
                    "duration": "",
                    "fullText": "",
                    "headline": "katy perry campaigns for clinton",
                    "id": -1,
                    "isoWeek": 42,
                    "layout": "",
                    "rank": -1,
                    "thumbnail": "",
                    "uri": "https://www.facebook.com/reviewjournal/videos/10154467184965552/"
                },
                {
                    "attrib": {
                        "fb_id": "57639415551_10154493825720552",
                        "share_count": 14,
                        "shares": {
                            "count": 14
                        }
                    },
                    "authors": "",
                    "banner": "",
                    "datetime": "2016-10-31 19:30:00",
                    "description": "donald trump returned to las vegas sunday and attracted thousands to a rally at the venetian where he hammered opponent hillary clinton on the latest fbi email revelations promised to drain the swamp of washington d c and renewed his promise to build a wall between the united states and mexico",
                    "duration": "",
                    "fullText": "",
                    "headline": "donald trump returned to las vegas sunday and attracted thousands to a rally at the venetian where he hammered opponent hillary clinton on the latest fbi email revelations promised to drain the swamp of washington d c and renewed his promise to build a wall between the united states and mexico",
                    "id": -1,
                    "isoWeek": 44,
                    "layout": "",
                    "rank": -1,
                    "thumbnail": "",
                    "uri": "https://www.facebook.com/reviewjournal/videos/10154493825720552/"
                },
                {
                    "attrib": {
                        "fb_id": "57639415551_10154351237585552",
                        "share_count": 0,
                        "shares": {
                            "count": 0
                        }
                    },
                    "authors": "",
                    "banner": "",
                    "datetime": "2016-09-13 02:00:00",
                    "description": "aides are promising to release more of her medical records hillary clinton s stumbles as she left a 9 11 memorial ceremony put her health at the forefront of a presidential campaign in which the two major party nominees are among the oldest ever and have disclosed a limited amount of information about their medical history",
                    "duration": "",
                    "fullText": "",
                    "headline": "pneumonia disclosure puts more focus on clinton s health",
                    "id": -1,
                    "isoWeek": 37,
                    "layout": "",
                    "rank": -1,
                    "thumbnail": "",
                    "uri": "http://www.reviewjournal.com/politics/election-2016/pneumonia-report-puts-more-focus-clinton-s-health"
                }
            ],
            "Topics": [
                "clinton",
                "clintons",
                "hillary",
                "hillarys",
                "hrc"
            ]
        }
    ]
}
]
