[
{
    "Name": "sputnik",
    "QueryResults": [
        {
            "Headlines": [
                {
                    "attrib": {
                        "fb_id": "57639415551_10154379988930552",
                        "share_count": 0,
                        "shares": {
                            "count": 0
                        }
                    },
                    "authors": "",
                    "banner": "",
                    "datetime": "2016-09-23 18:31:20",
                    "description": "RJ reporter Elaine M. Wilson gives you an update on this morning's news.\nInterbike: http://bit.ly/2cXtRWt\nNaked Trump vandalized: http://bit.ly/2dpApjh\nNHL hockey name: http://bit.ly/2cVvX94",
                    "duration": "",
                    "fullText": "",
                    "headline": "Here's your Las Vegas news update for Friday, Sept. 23",
                    "id": -1,
                    "isoWeek": 38,
                    "layout": "",
                    "rank": -1,
                    "thumbnail": "",
                    "uri": "https://www.facebook.com/reviewjournal/videos/10154379988930552/"
                },
                {
                    "attrib": {
                        "fb_id": "57639415551_10154391494395552",
                        "share_count": 2,
                        "shares": {
                            "count": 2
                        }
                    },
                    "authors": "",
                    "banner": "",
                    "datetime": "2016-09-27 23:00:00",
                    "description": "Before the debate, Trump was leading in the search count in 34 states. But when it comes to who won on Google, Clinton surged past Trump during Monday night’s debate at Hofstra University in New York.",
                    "duration": "",
                    "fullText": "",
                    "headline": "Clinton outpaced Trump in search engine requests during debate Monday night",
                    "id": -1,
                    "isoWeek": 39,
                    "layout": "",
                    "rank": -1,
                    "thumbnail": "",
                    "uri": "http://www.reviewjournal.com/politics/clinton-outpaced-trump-search-engine-requests-during-debate"
                },
                {
                    "attrib": {
                        "fb_id": "57639415551_10154467752090552",
                        "share_count": 1582,
                        "shares": {
                            "count": 1582
                        }
                    },
                    "authors": "",
                    "banner": "",
                    "datetime": "2016-10-23 04:10:00",
                    "description": "The Review-Journal endorses Republican nominee Donald Trump for president. See the editorial: http://bit.ly/2eG0IQ9",
                    "duration": "",
                    "fullText": "",
                    "headline": "Las Vegas Review-Journal editorial board endorses Donald Trump",
                    "id": -1,
                    "isoWeek": 42,
                    "layout": "",
                    "rank": -1,
                    "thumbnail": "",
                    "uri": "https://www.facebook.com/reviewjournal/videos/10154467752090552/"
                },
                {
                    "attrib": {
                        "fb_id": "57639415551_10154388518175552",
                        "share_count": 2,
                        "shares": {
                            "count": 2
                        }
                    },
                    "authors": "",
                    "banner": "",
                    "datetime": "2016-09-26 19:30:00",
                    "description": "Here's a channel guide and streaming info for tonight's debate. Democratic presidential nominee Hillary Clinton and Republican presidential nominee Donald Trump face off tonight at Hofstra University in New York for the first presidential debate. Here’s where to find it.",
                    "duration": "",
                    "fullText": "",
                    "headline": "How to watch the first Hillary Clinton-Donald Trump debate tonight",
                    "id": -1,
                    "isoWeek": 39,
                    "layout": "",
                    "rank": -1,
                    "thumbnail": "",
                    "uri": "http://www.reviewjournal.com/politics/election-2016/how-watch-the-first-hillary-clinton-donald-trump-presidential-debate-tonight"
                },
                {
                    "attrib": {
                        "fb_id": "57639415551_10154382680545552",
                        "share_count": 20,
                        "shares": {
                            "count": 20
                        }
                    },
                    "authors": "",
                    "banner": "",
                    "datetime": "2016-09-24 19:00:00",
                    "description": "“A lifetime’s commitment to solving problems in the real world qualifies Hillary Clinton for this job, and the country should put her to work,\" the Times said. The New York Times endorsed Democrat Hillary Clinton for the White House on Saturday, saying she was more qualified than Republican presidential rival Donald Trump to handle the challenges facing the United States.",
                    "duration": "",
                    "fullText": "",
                    "headline": "New York Times endorses Hillary Clinton for president",
                    "id": -1,
                    "isoWeek": 38,
                    "layout": "",
                    "rank": -1,
                    "thumbnail": "",
                    "uri": "http://www.reviewjournal.com/politics/new-york-times-endorses-clinton-president"
                },
                {
                    "attrib": {
                        "fb_id": "57639415551_10154123299375552",
                        "share_count": 40,
                        "shares": {
                            "count": 40
                        }
                    },
                    "authors": "",
                    "banner": "",
                    "datetime": "2016-06-18 19:17:49",
                    "description": "Republican presidential candidate Donald Trump speaks at the Treasure Island hotel-casino.",
                    "duration": "",
                    "fullText": "",
                    "headline": "Republican presidential candidate Donald Trump speaks at the Treasure Island hotel-casino.",
                    "id": -1,
                    "isoWeek": 24,
                    "layout": "",
                    "rank": -1,
                    "thumbnail": "",
                    "uri": "https://www.facebook.com/reviewjournal/videos/10154123299375552/"
                },
                {
                    "attrib": {
                        "fb_id": "57639415551_10154466394070552",
                        "share_count": 19,
                        "shares": {
                            "count": 19
                        }
                    },
                    "authors": "",
                    "banner": "",
                    "datetime": "2016-10-22 18:30:00",
                    "description": "If Trump wins the Nov. 8 election, he has big changes planned to \"Make America great again\". U.S. Republican presidential candidate Donald Trump promised on Saturday to foil a proposed deal for AT&T Inc to buy Time Warner Inc if he wins the Nov. 8 election, arguing it was an example of a “power structure” rigged against both him and voters.",
                    "duration": "",
                    "fullText": "",
                    "headline": "Trump details plans for his first 100 days in the White House",
                    "id": -1,
                    "isoWeek": 42,
                    "layout": "",
                    "rank": -1,
                    "thumbnail": "",
                    "uri": "http://www.reviewjournal.com/politics/election-2016/trump-outlines-first-100-days-if-elected-the-white-house"
                },
                {
                    "attrib": {
                        "fb_id": "57639415551_10154455814545552",
                        "share_count": 2,
                        "shares": {
                            "count": 2
                        }
                    },
                    "authors": "",
                    "banner": "",
                    "datetime": "2016-10-19 13:00:00",
                    "description": "What you need to know in a nutshell about the all-important third debate at UNLV. Presidential candidates Hillary Clinton and Donald Trump square off for a final debate Wednesday night at the Thomas & Mack Center at UNLV. Some key facts about the 90-minute rhetorical bout, which begins at 6 p.m. PST.",
                    "duration": "",
                    "fullText": "",
                    "headline": "Key facts about the third presidential debate",
                    "id": -1,
                    "isoWeek": 42,
                    "layout": "",
                    "rank": -1,
                    "thumbnail": "",
                    "uri": "http://www.reviewjournal.com/politics/election-2016/key-facts-about-the-third-presidential-debate"
                },
                {
                    "attrib": {
                        "fb_id": "57639415551_10154123110290552",
                        "share_count": 64,
                        "shares": {
                            "count": 64
                        }
                    },
                    "authors": "",
                    "banner": "",
                    "datetime": "2016-06-18 17:47:18",
                    "description": "Republican presidential candidate Donald Trump speaks at the Treasure Island hotel-casino",
                    "duration": "",
                    "fullText": "",
                    "headline": "Republican presidential candidate Donald Trump speaks at the Treasure Island hotel-casino",
                    "id": -1,
                    "isoWeek": 24,
                    "layout": "",
                    "rank": -1,
                    "thumbnail": "",
                    "uri": "https://www.facebook.com/reviewjournal/videos/10154123110290552/"
                },
                {
                    "attrib": {
                        "fb_id": "57639415551_10154389469180552",
                        "share_count": 8,
                        "shares": {
                            "count": 8
                        }
                    },
                    "authors": "",
                    "banner": "",
                    "datetime": "2016-09-27 03:00:00",
                    "description": "Did you watch? Who won? In a combative opening debate, Hillary Clinton emphatically denounced Donald Trump Monday night for keeping his personal tax returns and business dealings secret from voters and peddling a “racist lie” about President Barack Obama. Businessman Trump repeatedly cast Clinton as a “typical politician”…",
                    "duration": "",
                    "fullText": "",
                    "headline": "Clinton, Trump battle fiercely in first debate",
                    "id": -1,
                    "isoWeek": 39,
                    "layout": "",
                    "rank": -1,
                    "thumbnail": "",
                    "uri": "http://www.reviewjournal.com/politics/election-2016/clinton-trump-battle-fiercely-first-debate"
                },
                {
                    "attrib": {
                        "fb_id": "57639415551_10154393154765552",
                        "share_count": 21,
                        "shares": {
                            "count": 21
                        }
                    },
                    "authors": "",
                    "banner": "",
                    "datetime": "2016-09-28 15:00:01",
                    "description": "Machado says she thinks Trump believes women are “a second class of people.” Alicia Machado says that when she gained weight after being crowned Miss Universe for 1996, Donald Trump labeled her with a sexist nickname — “Miss Piggy” — that caused her shame and humiliation.",
                    "duration": "",
                    "fullText": "",
                    "headline": "Shamed by Trump, former Miss Universe says she's with Clinton",
                    "id": -1,
                    "isoWeek": 39,
                    "layout": "",
                    "rank": -1,
                    "thumbnail": "",
                    "uri": "http://www.reviewjournal.com/politics/election-2016/shamed-trump-former-miss-universe-tells-clinton-i-m-you"
                },
                {
                    "attrib": {
                        "fb_id": "57639415551_10154201712745552",
                        "share_count": 26,
                        "shares": {
                            "count": 26
                        }
                    },
                    "authors": "",
                    "banner": "",
                    "datetime": "2016-07-19 23:12:45",
                    "description": "Donald Trump has won the 1,237 required delegates to officially become the Republican presidential nominee for 2016. Story coming soon.",
                    "duration": "",
                    "fullText": "",
                    "headline": "Timeline Photos",
                    "id": -1,
                    "isoWeek": 29,
                    "layout": "",
                    "rank": -1,
                    "thumbnail": "",
                    "uri": "https://www.facebook.com/reviewjournal/photos/a.94260815551.113337.57639415551/10154201712745552/?type=3"
                },
                {
                    "attrib": {
                        "fb_id": "57639415551_10154518398080552",
                        "share_count": 12,
                        "shares": {
                            "count": 12
                        }
                    },
                    "authors": "",
                    "banner": "",
                    "datetime": "2016-11-09 07:41:17",
                    "description": "Audience at GOP watch party reacts to Trump's victory",
                    "duration": "",
                    "fullText": "",
                    "headline": "Audience at GOP watch party reacts to Trump's victory",
                    "id": -1,
                    "isoWeek": 45,
                    "layout": "",
                    "rank": -1,
                    "thumbnail": "",
                    "uri": "https://www.facebook.com/reviewjournal/videos/10154518398080552/"
                },
                {
                    "attrib": {
                        "fb_id": "57639415551_10154389820245552",
                        "share_count": 5,
                        "shares": {
                            "count": 5
                        }
                    },
                    "authors": "",
                    "banner": "",
                    "datetime": "2016-09-27 13:30:01",
                    "description": "The debate between Donald Trump and Hillary Clinton was a great way for young minds to grasp the democratic process. About 250 people from local high school and middle school debate teams and UNLV gathered Monday at a university lecture hall to watch the first of three debates between presidential candidates Hillary Clinton and Donald Trump.",
                    "duration": "",
                    "fullText": "",
                    "headline": "Students gather at UNLV to watch presidential debate",
                    "id": -1,
                    "isoWeek": 39,
                    "layout": "",
                    "rank": -1,
                    "thumbnail": "",
                    "uri": "http://www.reviewjournal.com/politics/election-2016/students-gather-unlv-watch-presidential-debate"
                },
                {
                    "attrib": {
                        "fb_id": "57639415551_10154493825720552",
                        "share_count": 14,
                        "shares": {
                            "count": 14
                        }
                    },
                    "authors": "",
                    "banner": "",
                    "datetime": "2016-10-31 19:30:00",
                    "description": "Donald Trump returned to Las Vegas Sunday and attracted thousands to a rally at the Venetian, where he hammered opponent Hillary Clinton on the latest FBI-email revelations, promised to \"drain the swamp\" of Washington, D.C., and renewed his promise to \"build a wall\" between the United States and Mexico.",
                    "duration": "",
                    "fullText": "",
                    "headline": "Donald Trump returned to Las Vegas Sunday and attracted thousands to a rally at the Venetian, where he hammered opponent Hillary Clinton on the latest FBI-email revelations, promised to \"drain the swamp\" of Washington, D.C., and renewed his promise to \"build a wall\" between the United States and Mexico.",
                    "id": -1,
                    "isoWeek": 44,
                    "layout": "",
                    "rank": -1,
                    "thumbnail": "",
                    "uri": "https://www.facebook.com/reviewjournal/videos/10154493825720552/"
                },
                {
                    "attrib": {
                        "fb_id": "57639415551_10154519467280552",
                        "share_count": 2,
                        "shares": {
                            "count": 2
                        }
                    },
                    "authors": "",
                    "banner": "",
                    "datetime": "2016-11-09 17:00:00",
                    "description": "Here are the headlines for today!\nDonald Trump: http://rjnews.is/2fmrGMv\nQuestions 3 and 4: http://rjnews.is/2fSAj5F\nCortez Masto beats Heck: http://rjnews.is/2ekNsmW",
                    "duration": "",
                    "fullText": "",
                    "headline": "Las Vegas News for Wednesday, November 9th",
                    "id": -1,
                    "isoWeek": 45,
                    "layout": "",
                    "rank": -1,
                    "thumbnail": "",
                    "uri": "https://www.facebook.com/reviewjournal/videos/10154519467280552/"
                },
                {
                    "attrib": {
                        "fb_id": "57639415551_10153840315120552",
                        "share_count": 35,
                        "shares": {
                            "count": 35
                        }
                    },
                    "authors": "",
                    "banner": "",
                    "datetime": "2016-02-24 05:52:21",
                    "description": "Keep up with everything going on in the #NevadaCaucus here → bit.ly/1Ty2Fgt",
                    "duration": "",
                    "fullText": "",
                    "headline": "Donald Trump victory speech",
                    "id": -1,
                    "isoWeek": 8,
                    "layout": "",
                    "rank": -1,
                    "thumbnail": "",
                    "uri": "https://www.facebook.com/reviewjournal/videos/10153840315120552/"
                },
                {
                    "attrib": {
                        "fb_id": "57639415551_10154518411165552",
                        "share_count": 7,
                        "shares": {
                            "count": 7
                        }
                    },
                    "authors": "",
                    "banner": "",
                    "datetime": "2016-11-09 07:48:11",
                    "description": "Audience at GOP watch party celebrates Trump's win",
                    "duration": "",
                    "fullText": "",
                    "headline": "Audience at GOP watch party celebrates Trump's win",
                    "id": -1,
                    "isoWeek": 45,
                    "layout": "",
                    "rank": -1,
                    "thumbnail": "",
                    "uri": "https://www.facebook.com/reviewjournal/videos/10154518411165552/"
                },
                {
                    "attrib": {
                        "fb_id": "57639415551_10154493159800552",
                        "share_count": 0,
                        "shares": {
                            "count": 0
                        }
                    },
                    "authors": "",
                    "banner": "",
                    "datetime": "2016-10-31 16:00:00",
                    "description": "Happy Halloween! Elaine Wilson's got your morning headlines today.\nTrump in Vegas: http://bit.ly/2fwO4pU\nChild homicide: http://bit.ly/2f4OGjB\nFlawed drug kits: http://bit.ly/2f0Ve4U",
                    "duration": "",
                    "fullText": "",
                    "headline": "Las Vegas News for Monday, October 31, 2016",
                    "id": -1,
                    "isoWeek": 44,
                    "layout": "",
                    "rank": -1,
                    "thumbnail": "",
                    "uri": "https://www.facebook.com/reviewjournal/videos/10154493159800552/"
                },
                {
                    "attrib": {
                        "fb_id": "57639415551_10154380326495552",
                        "share_count": 5,
                        "shares": {
                            "count": 5
                        }
                    },
                    "authors": "",
                    "banner": "",
                    "datetime": "2016-09-23 21:21:42",
                    "description": "“I am greatly honored by the endorsement of Senator Cruz,” Trump said. Ted Cruz announced Friday he will vote for Donald Trump, a dramatic about-face that may help unite a deeply divided Republican Party months after the fiery Texas conservative called Trump a “pathological liar” and “utterly amoral.”",
                    "duration": "",
                    "fullText": "",
                    "headline": "Ted Cruz says he will vote for Donald Trump",
                    "id": -1,
                    "isoWeek": 38,
                    "layout": "",
                    "rank": -1,
                    "thumbnail": "",
                    "uri": "http://www.reviewjournal.com/politics/election-2016/ted-cruz-says-he-will-vote-donald-trump"
                }
            ],
            "Topics": [
                "djt",
                "donald",
                "donalds",
                "trump",
                "trumps"
            ]
        },
        {
            "Headlines": [
                {
                    "attrib": {
                        "fb_id": "57639415551_10153841235335552",
                        "share_count": 44,
                        "shares": {
                            "count": 44
                        }
                    },
                    "authors": "",
                    "banner": "",
                    "datetime": "2016-02-24 18:16:41",
                    "description": "\"I think the middle class would be better served by Hillary,\" Reid said. Senate Minority Leader Harry Reid announced Wednesday in an exclusive interview with CNN that he is endorsing Hillary Clinton for president, a sign that Democratic leaders are eager to put the party's contentious primary fight behind them.",
                    "duration": "",
                    "fullText": "",
                    "headline": "Harry Reid endorses Hillary Clinton for president",
                    "id": -1,
                    "isoWeek": 8,
                    "layout": "",
                    "rank": -1,
                    "thumbnail": "",
                    "uri": "http://www.reviewjournal.com/politics/government/harry-reid-endorses-hillary-clinton-president"
                },
                {
                    "attrib": {
                        "fb_id": "57639415551_10154391494395552",
                        "share_count": 2,
                        "shares": {
                            "count": 2
                        }
                    },
                    "authors": "",
                    "banner": "",
                    "datetime": "2016-09-27 23:00:00",
                    "description": "Before the debate, Trump was leading in the search count in 34 states. But when it comes to who won on Google, Clinton surged past Trump during Monday night’s debate at Hofstra University in New York.",
                    "duration": "",
                    "fullText": "",
                    "headline": "Clinton outpaced Trump in search engine requests during debate Monday night",
                    "id": -1,
                    "isoWeek": 39,
                    "layout": "",
                    "rank": -1,
                    "thumbnail": "",
                    "uri": "http://www.reviewjournal.com/politics/clinton-outpaced-trump-search-engine-requests-during-debate"
                },
                {
                    "attrib": {
                        "fb_id": "57639415551_10154518197135552",
                        "share_count": 10,
                        "shares": {
                            "count": 10
                        }
                    },
                    "authors": "",
                    "banner": "",
                    "datetime": "2016-11-09 05:32:43",
                    "description": "AP projects Hillary Clinton secures the Nevada vote",
                    "duration": "",
                    "fullText": "",
                    "headline": "AP projects Hillary Clinton secures the Nevada vote",
                    "id": -1,
                    "isoWeek": 45,
                    "layout": "",
                    "rank": -1,
                    "thumbnail": "",
                    "uri": "https://www.facebook.com/reviewjournal/videos/10154518197135552/"
                },
                {
                    "attrib": {
                        "fb_id": "57639415551_10154388518175552",
                        "share_count": 2,
                        "shares": {
                            "count": 2
                        }
                    },
                    "authors": "",
                    "banner": "",
                    "datetime": "2016-09-26 19:30:00",
                    "description": "Here's a channel guide and streaming info for tonight's debate. Democratic presidential nominee Hillary Clinton and Republican presidential nominee Donald Trump face off tonight at Hofstra University in New York for the first presidential debate. Here’s where to find it.",
                    "duration": "",
                    "fullText": "",
                    "headline": "How to watch the first Hillary Clinton-Donald Trump debate tonight",
                    "id": -1,
                    "isoWeek": 39,
                    "layout": "",
                    "rank": -1,
                    "thumbnail": "",
                    "uri": "http://www.reviewjournal.com/politics/election-2016/how-watch-the-first-hillary-clinton-donald-trump-presidential-debate-tonight"
                },
                {
                    "attrib": {
                        "fb_id": "57639415551_10154382680545552",
                        "share_count": 20,
                        "shares": {
                            "count": 20
                        }
                    },
                    "authors": "",
                    "banner": "",
                    "datetime": "2016-09-24 19:00:00",
                    "description": "“A lifetime’s commitment to solving problems in the real world qualifies Hillary Clinton for this job, and the country should put her to work,\" the Times said. The New York Times endorsed Democrat Hillary Clinton for the White House on Saturday, saying she was more qualified than Republican presidential rival Donald Trump to handle the challenges facing the United States.",
                    "duration": "",
                    "fullText": "",
                    "headline": "New York Times endorses Hillary Clinton for president",
                    "id": -1,
                    "isoWeek": 38,
                    "layout": "",
                    "rank": -1,
                    "thumbnail": "",
                    "uri": "http://www.reviewjournal.com/politics/new-york-times-endorses-clinton-president"
                },
                {
                    "attrib": {
                        "fb_id": "57639415551_10154455814545552",
                        "share_count": 2,
                        "shares": {
                            "count": 2
                        }
                    },
                    "authors": "",
                    "banner": "",
                    "datetime": "2016-10-19 13:00:00",
                    "description": "What you need to know in a nutshell about the all-important third debate at UNLV. Presidential candidates Hillary Clinton and Donald Trump square off for a final debate Wednesday night at the Thomas & Mack Center at UNLV. Some key facts about the 90-minute rhetorical bout, which begins at 6 p.m. PST.",
                    "duration": "",
                    "fullText": "",
                    "headline": "Key facts about the third presidential debate",
                    "id": -1,
                    "isoWeek": 42,
                    "layout": "",
                    "rank": -1,
                    "thumbnail": "",
                    "uri": "http://www.reviewjournal.com/politics/election-2016/key-facts-about-the-third-presidential-debate"
                },
                {
                    "attrib": {
                        "fb_id": "57639415551_10154389469180552",
                        "share_count": 8,
                        "shares": {
                            "count": 8
                        }
                    },
                    "authors": "",
                    "banner": "",
                    "datetime": "2016-09-27 03:00:00",
                    "description": "Did you watch? Who won? In a combative opening debate, Hillary Clinton emphatically denounced Donald Trump Monday night for keeping his personal tax returns and business dealings secret from voters and peddling a “racist lie” about President Barack Obama. Businessman Trump repeatedly cast Clinton as a “typical politician”…",
                    "duration": "",
                    "fullText": "",
                    "headline": "Clinton, Trump battle fiercely in first debate",
                    "id": -1,
                    "isoWeek": 39,
                    "layout": "",
                    "rank": -1,
                    "thumbnail": "",
                    "uri": "http://www.reviewjournal.com/politics/election-2016/clinton-trump-battle-fiercely-first-debate"
                },
                {
                    "attrib": {
                        "fb_id": "57639415551_10154505115025552",
                        "share_count": 5,
                        "shares": {
                            "count": 5
                        }
                    },
                    "authors": "",
                    "banner": "",
                    "datetime": "2016-11-04 16:00:45",
                    "description": "Here's your headlines for your Friday morning:\nParis outage: http://rjnews.is/2elnw5y\nBellagio craps dealer: http://rjnews.is/2ejNd6A\nBill Clinton rally: http://rjnews.is/2fJZh6s",
                    "duration": "",
                    "fullText": "",
                    "headline": "Las Vegas News for Friday, November 4th",
                    "id": -1,
                    "isoWeek": 44,
                    "layout": "",
                    "rank": -1,
                    "thumbnail": "",
                    "uri": "https://www.facebook.com/reviewjournal/videos/10154505115025552/"
                },
                {
                    "attrib": {
                        "fb_id": "57639415551_10154241390830552",
                        "share_count": 29,
                        "shares": {
                            "count": 29
                        }
                    },
                    "authors": "",
                    "banner": "",
                    "datetime": "2016-08-04 19:46:15",
                    "description": "Hillary Clinton speaks at a rally in Las Vegas",
                    "duration": "",
                    "fullText": "",
                    "headline": "Hillary Clinton speaks at a rally in Las Vegas",
                    "id": -1,
                    "isoWeek": 31,
                    "layout": "",
                    "rank": -1,
                    "thumbnail": "",
                    "uri": "https://www.facebook.com/reviewjournal/videos/10154241390830552/"
                },
                {
                    "attrib": {
                        "fb_id": "57639415551_10154201354400552",
                        "share_count": 37,
                        "shares": {
                            "count": 37
                        }
                    },
                    "authors": "",
                    "banner": "",
                    "datetime": "2016-07-19 19:59:05",
                    "description": "Hillary Clinton is speaking in North Las Vegas right now. We'll have a story on reviewjournal.com up shortly.",
                    "duration": "",
                    "fullText": "",
                    "headline": "Hillary Clinton is speaking in North Las Vegas right now. We'll have a story on reviewjournal.com up shortly.",
                    "id": -1,
                    "isoWeek": 29,
                    "layout": "",
                    "rank": -1,
                    "thumbnail": "",
                    "uri": "https://www.facebook.com/reviewjournal/videos/10154201354400552/"
                },
                {
                    "attrib": {
                        "fb_id": "57639415551_10154467917645552",
                        "share_count": 26,
                        "shares": {
                            "count": 26
                        }
                    },
                    "authors": "",
                    "banner": "",
                    "datetime": "2016-10-23 05:04:00",
                    "description": "The pop star didn’t sing any of her songs to the crowd of a few hundred people. UNLV students relaxing in their dorms got an unexpected knock on their doors Saturday afternoon from pop star Katy Perry, who was roaming the halls and drumming up support for Hillary Clinton on the first day of early voting in Nevada.",
                    "duration": "",
                    "fullText": "",
                    "headline": "Katy Perry visits dorms at UNLV, urges students to vote for Hillary Clinton at rally",
                    "id": -1,
                    "isoWeek": 42,
                    "layout": "",
                    "rank": -1,
                    "thumbnail": "",
                    "uri": "http://www.reviewjournal.com/politics/election-2016/katy-perry-visits-unlv-dorms-urges-students-vote-hillary-clinton-rally"
                },
                {
                    "attrib": {
                        "fb_id": "57639415551_10154496431525552",
                        "share_count": 1,
                        "shares": {
                            "count": 1
                        }
                    },
                    "authors": "",
                    "banner": "",
                    "datetime": "2016-11-01 16:00:00",
                    "description": "Good morning! Here are today's headlines:\nDesert Oasis threat: http://bit.ly/2dW7Zy7\nDeath penalty verdict: http://rjnews.is/2f6agqa\nHillary Clinton visit: http://rjnews.is/2e7Ajsm",
                    "duration": "",
                    "fullText": "",
                    "headline": "Las Vegas News for Tuesday, November 1, 2016",
                    "id": -1,
                    "isoWeek": 44,
                    "layout": "",
                    "rank": -1,
                    "thumbnail": "",
                    "uri": "https://www.facebook.com/reviewjournal/videos/10154496431525552/"
                },
                {
                    "attrib": {
                        "fb_id": "57639415551_10154393154765552",
                        "share_count": 21,
                        "shares": {
                            "count": 21
                        }
                    },
                    "authors": "",
                    "banner": "",
                    "datetime": "2016-09-28 15:00:01",
                    "description": "Machado says she thinks Trump believes women are “a second class of people.” Alicia Machado says that when she gained weight after being crowned Miss Universe for 1996, Donald Trump labeled her with a sexist nickname — “Miss Piggy” — that caused her shame and humiliation.",
                    "duration": "",
                    "fullText": "",
                    "headline": "Shamed by Trump, former Miss Universe says she's with Clinton",
                    "id": -1,
                    "isoWeek": 39,
                    "layout": "",
                    "rank": -1,
                    "thumbnail": "",
                    "uri": "http://www.reviewjournal.com/politics/election-2016/shamed-trump-former-miss-universe-tells-clinton-i-m-you"
                },
                {
                    "attrib": {
                        "fb_id": "57639415551_10154239685990552",
                        "share_count": 50,
                        "shares": {
                            "count": 50
                        }
                    },
                    "authors": "",
                    "banner": "",
                    "datetime": "2016-08-04 01:51:42",
                    "description": "Doors open to the public at 10:15 a.m. Long lines are expected so if you didn't RSVP, plan to arrive early. The Democratic presidential candidate is returning to Nevada the week after getting the party’s nomination for president at the convention in Philadelphia.",
                    "duration": "",
                    "fullText": "",
                    "headline": "Hillary Clinton to rally supporters in Las Vegas Thursday",
                    "id": -1,
                    "isoWeek": 31,
                    "layout": "",
                    "rank": -1,
                    "thumbnail": "",
                    "uri": "http://www.reviewjournal.com/politics/election-2016/hillary-clinton-rally-supporters-las-vegas-thursday"
                },
                {
                    "attrib": {
                        "fb_id": "57639415551_10154355574920552",
                        "share_count": 22,
                        "shares": {
                            "count": 22
                        }
                    },
                    "authors": "",
                    "banner": "",
                    "datetime": "2016-09-14 18:19:05",
                    "description": "Former President Bill Clinton campaigns for Hillary Clinton in North Las Vegas",
                    "duration": "",
                    "fullText": "",
                    "headline": "Former President Bill Clinton campaigns for Hillary Clinton in North Las Vegas",
                    "id": -1,
                    "isoWeek": 37,
                    "layout": "",
                    "rank": -1,
                    "thumbnail": "",
                    "uri": "https://www.facebook.com/reviewjournal/videos/10154355574920552/"
                },
                {
                    "attrib": {
                        "fb_id": "57639415551_10154389820245552",
                        "share_count": 5,
                        "shares": {
                            "count": 5
                        }
                    },
                    "authors": "",
                    "banner": "",
                    "datetime": "2016-09-27 13:30:01",
                    "description": "The debate between Donald Trump and Hillary Clinton was a great way for young minds to grasp the democratic process. About 250 people from local high school and middle school debate teams and UNLV gathered Monday at a university lecture hall to watch the first of three debates between presidential candidates Hillary Clinton and Donald Trump.",
                    "duration": "",
                    "fullText": "",
                    "headline": "Students gather at UNLV to watch presidential debate",
                    "id": -1,
                    "isoWeek": 39,
                    "layout": "",
                    "rank": -1,
                    "thumbnail": "",
                    "uri": "http://www.reviewjournal.com/politics/election-2016/students-gather-unlv-watch-presidential-debate"
                },
                {
                    "attrib": {
                        "fb_id": "57639415551_10154467184965552",
                        "share_count": 25,
                        "shares": {
                            "count": 25
                        }
                    },
                    "authors": "",
                    "banner": "",
                    "datetime": "2016-10-22 23:25:15",
                    "description": "Music artist Katy Perry campaigns for Democratic presidential nominee Hillary Clinton at UNLV.",
                    "duration": "",
                    "fullText": "",
                    "headline": "Katy Perry campaigns for Clinton",
                    "id": -1,
                    "isoWeek": 42,
                    "layout": "",
                    "rank": -1,
                    "thumbnail": "",
                    "uri": "https://www.facebook.com/reviewjournal/videos/10154467184965552/"
                },
                {
                    "attrib": {
                        "fb_id": "57639415551_10154493825720552",
                        "share_count": 14,
                        "shares": {
                            "count": 14
                        }
                    },
                    "authors": "",
                    "banner": "",
                    "datetime": "2016-10-31 19:30:00",
                    "description": "Donald Trump returned to Las Vegas Sunday and attracted thousands to a rally at the Venetian, where he hammered opponent Hillary Clinton on the latest FBI-email revelations, promised to \"drain the swamp\" of Washington, D.C., and renewed his promise to \"build a wall\" between the United States and Mexico.",
                    "duration": "",
                    "fullText": "",
                    "headline": "Donald Trump returned to Las Vegas Sunday and attracted thousands to a rally at the Venetian, where he hammered opponent Hillary Clinton on the latest FBI-email revelations, promised to \"drain the swamp\" of Washington, D.C., and renewed his promise to \"build a wall\" between the United States and Mexico.",
                    "id": -1,
                    "isoWeek": 44,
                    "layout": "",
                    "rank": -1,
                    "thumbnail": "",
                    "uri": "https://www.facebook.com/reviewjournal/videos/10154493825720552/"
                },
                {
                    "attrib": {
                        "fb_id": "57639415551_10154351237585552",
                        "share_count": 0,
                        "shares": {
                            "count": 0
                        }
                    },
                    "authors": "",
                    "banner": "",
                    "datetime": "2016-09-13 02:00:00",
                    "description": "Aides are promising to release more of her medical records. Hillary Clinton’s stumbles as she left a 9/11 memorial ceremony put her health at the forefront of a presidential campaign in which the two major party nominees are among the oldest ever and have disclosed a limited amount of information about their medical history.",
                    "duration": "",
                    "fullText": "",
                    "headline": "Pneumonia disclosure puts more focus on Clinton’s health",
                    "id": -1,
                    "isoWeek": 37,
                    "layout": "",
                    "rank": -1,
                    "thumbnail": "",
                    "uri": "http://www.reviewjournal.com/politics/election-2016/pneumonia-report-puts-more-focus-clinton-s-health"
                }
            ],
            "Topics": [
                "clinton",
                "clintons",
                "hillary",
                "hillarys",
                "hrc"
            ]
        }
    ]
}
]
