{
  "binKeys": [
    [
      1,
      2016
    ],
    [
      2,
      2016
    ],
    [
      3,
      2016
    ],
    [
      4,
      2016
    ],
    [
      5,
      2016
    ],
    [
      6,
      2016
    ],
    [
      7,
      2016
    ],
    [
      8,
      2016
    ],
    [
      9,
      2016
    ],
    [
      10,
      2016
    ],
    [
      11,
      2016
    ],
    [
      12,
      2016
    ],
    [
      13,
      2016
    ],
    [
      14,
      2016
    ],
    [
      15,
      2016
    ],
    [
      16,
      2016
    ],
    [
      17,
      2016
    ],
    [
      18,
      2016
    ],
    [
      19,
      2016
    ],
    [
      20,
      2016
    ],
    [
      21,
      2016
    ],
    [
      22,
      2016
    ],
    [
      23,
      2016
    ],
    [
      24,
      2016
    ],
    [
      25,
      2016
    ],
    [
      26,
      2016
    ],
    [
      27,
      2016
    ],
    [
      28,
      2016
    ],
    [
      29,
      2016
    ],
    [
      30,
      2016
    ],
    [
      31,
      2016
    ],
    [
      32,
      2016
    ],
    [
      33,
      2016
    ],
    [
      34,
      2016
    ],
    [
      35,
      2016
    ],
    [
      36,
      2016
    ],
    [
      37,
      2016
    ],
    [
      38,
      2016
    ],
    [
      39,
      2016
    ],
    [
      40,
      2016
    ],
    [
      41,
      2016
    ],
    [
      42,
      2016
    ],
    [
      43,
      2016
    ],
    [
      44,
      2016
    ],
    [
      45,
      2016
    ],
    [
      53,
      2016
    ]
  ],
  "output": [
    {
      "scores": [
        0,
        0,
        0,
        0,
        0,
        0,
        0,
        -104.55647177654535,
        0,
        0,
        0,
        0,
        0,
        0,
        0,
        0,
        0,
        0,
        0,
        0,
        0,
        0,
        0,
        -98.23392963857395,
        0,
        0,
        0,
        0,
        -29.37483096487591,
        0,
        0,
        0,
        0,
        0,
        0,
        0,
        0,
        -261.47621478526736,
        -519.8567113296726,
        0,
        0,
        -196.22160647119293,
        0,
        -135.6954186828807,
        -80.161107470137,
        0
      ],
      "topics": [
        "djt",
        "donald",
        "donalds",
        "trump",
        "trumps"
      ]
    },
    {
      "scores": [
        0,
        0,
        0,
        0,
        0,
        0,
        0,
        -113.8386031643219,
        0,
        0,
        0,
        0,
        0,
        0,
        0,
        0,
        0,
        0,
        0,
        0,
        0,
        0,
        0,
        0,
        0,
        0,
        0,
        0,
        -39.68037626975955,
        0,
        -115.15904966158266,
        0,
        0,
        0,
        0,
        0,
        -154.5550679649133,
        -61.634328933524905,
        -519.8567113296878,
        0,
        0,
        -157.46207309174173,
        0,
        -147.38889163569007,
        -34.612338577498214,
        0
      ],
      "topics": [
        "clinton",
        "clintons",
        "hillary",
        "hillarys",
        "hrc"
      ]
    }
  ]
}